axis,constraint mutation,official skills,existing question ids,new question ids,audit state,mastery state
C01,best architecture to first/next action or likely cause,1.1.1/1.3.2/2.4.4/3.1.5/4.3.1,"Q6, Q21, Q31, Q36, Q51",none,covered,UNKNOWN
C02,minimum cost to minimum operations to minimum code change,1.2.2/2.2.1/2.2.3/4.1.1/4.1.2,"Q4, Q18, Q25, Q46, Q48",none,covered,UNKNOWN
C03,hard security limit plus latency/cost preference,2.3.3,Q26,none,covered-thin,UNKNOWN
C04,read-only tool to irreversible write,2.1.3,"Q22, Q33",none,covered,UNKNOWN
C05,private connectivity to single-Region processing,2.3.4/3.2.1,"Q27, Q40",none,covered,UNKNOWN
C06,availability requirement to restrictive residency,1.2.3,Q2,none,covered,UNKNOWN
C07,same account to cross-account encrypted resource,3.2.1,Q38,none,covered-thin,UNKNOWN
C08,service native feature to managed integration exposure,1.6.6,Q17,none,covered,UNKNOWN
C09,one model/provider to another platform/model/Region,1.2.2/1.2.3,"Q2, Q7",none,covered,UNKNOWN
C10,constant low load to bursts to sustained load,2.2.1/4.1.3/4.2.5,"Q23, Q24, Q47, Q50",none,covered,UNKNOWN
C11,short replies to long outputs or contexts,5.2.1,Q55,none,covered-thin,UNKNOWN
C12,TTFT target to full p99 completion target,2.4.2/4.2.1,"Q29, Q49",none,covered,UNKNOWN
C13,document facts to exact identifier/keyword to multi-hop,1.4.2/1.5.4/1.5.5,"Q9, Q10, Q12, Q13",none,covered,UNKNOWN
C14,relevant chunks available to insufficient retrieval,5.1.5/5.1.6,"Q53, Q56",none,covered,UNKNOWN
C15,static corpus to frequent edits/deletes to permission revocation,1.4.5/2.1.1,"Q11, Q20, Q56",none,covered,UNKNOWN
C16,shared cache to per-tenant/role answers,4.1.4,none,"CB-01, CB-02, CB-03, CB-04",absent-now-added,UNKNOWN
C17,syntactic JSON to schema validity to business correctness to authorization,2.4.1/3.1.2,Q32,none,covered-thin,UNKNOWN
C18,no harmful output to no sensitive data reaching model/logs,3.2.2,Q39,none,covered,UNKNOWN
C19,API success to useful grounded correct outcome,1.1.2/3.1.3/5.1.1,"Q1, Q5, Q35, Q58, Q59",none,covered,UNKNOWN
C20,good average quality to critical subgroup/rare failure,3.4.2/5.1.4,"Q44, Q52, Q57",none,covered,UNKNOWN
C21,human review available to mandatory exact approval,1.6.3/2.1.5,"Q14, Q45",none,covered,UNKNOWN
C22,retry transient failure to timeout after possible side effect,2.4.3,Q30,none,covered-thin,UNKNOWN
C23,smaller model route to fallback with different contract/safety/Region,1.2.3/2.4.3,none,"CB-05, CB-06, CB-07, CB-08",absent-now-added,UNKNOWN
C24,prototype to production to regulated operation,1.1.2/2.3.5/3.3.1/5.1.9,"Q16, Q28, Q41, Q45, Q60",none,covered,UNKNOWN
C25,one selected option to select two/three,"Q2, Q5, Q12, Q17, Q27, Q28, Q30, Q37, Q39, Q41, Q45, Q49, Q51, Q53, Q58, Q60",none,covered,UNKNOWN
C26,workable architecture to unnecessary custom machinery,1.4.1,Q8,none,covered,UNKNOWN
C27,monitoring and detection to block, prevent, or remediate,3.1.1/3.1.4/5.1.4,"Q15, Q19, Q34, Q37, Q42, Q54",none,covered,UNKNOWN
C28,current supported feature to stale training-guide assumption,1.2.2/2.2.1/4.1.4,none,"CB-09, CB-10, CB-11, CB-12",absent-now-added,UNKNOWN
C29,consistent wording to semantically equivalent paraphrase,1.5.5/2.4.4,none,"CB-13, CB-14, CB-15, CB-16",absent-now-added,UNKNOWN
C30,feasible requirements to contradictory hard requirements,1.2.3/2.3.4,none,"CB-17, CB-18, CB-19, CB-20",absent-now-added,UNKNOWN
